wer,ref_length
0.009628610729023384,3930
0.04026115342763874,5027
0.009615384615384616,3928
0.02,3755
0.024804177545691905,4126
0.027932960893854747,3647
0.03146374829001368,4029
0.03553921568627451,4807
0.06282722513089005,5131
0.02702702702702703,4013
0.05,4964
0.048879837067209775,2790
0.07976071784646062,5104
0.05438401775804662,4485
0.05734767025089606,4522
0.08403361344537816,4704
0.06396761133603239,5846
0.025067144136078783,5723
0.06666666666666667,5241
0.06713780918727916,4240
0.07006369426751592,4677
0.08417200365965233,5183
0.041666666666666664,1992
0.06624605678233439,4973
0.04720087815587267,4554
0.1461836998706339,3877
0.14285714285714285,4682
0.136986301369863,3931
0.09697732997481108,4200
0.17473118279569894,5380
0.06275303643724696,2842
0.1002661934338953,5445
0.11608222490931076,4280
0.1271186440677966,3324
0.16601307189542483,3707
0.15492957746478872,3284
0.08814589665653495,3650
0.12973593570608496,4390
0.23190184049079754,4007
0.16113744075829384,2023
0.16632016632016633,2561
0.19346049046321526,3452
0.2832512315270936,2005
0.2916666666666667,4937
0.2460093896713615,5207
0.2459839357429719,4646
