wer,ref_length
0.07861671469740635,48750
0.0838981774363609,38032
0.11787202076077306,79837
0.07659084365102217,38978
0.07456476513741378,50478
0.13477628228446709,59366
0.26828788027961015,55166
0.0927781617138908,61378
0.0956892961266139,50686
0.08257929326602534,58834
0.11477118732409049,55583
0.18657154846831725,62217
0.10986547085201794,48949
0.1904904754762262,72217
0.11451398135818908,45486
0.09462365591397849,64770
0.05125148986889154,38165
0.07336061483181955,53268
0.09260399261278691,60664
0.08119243819680078,24028
0.11443250817375059,34466
0.08014825110030113,25134
0.13610749891634158,38712
0.10813218134853478,59040
0.04945277665180381,26106
0.10650389391707009,52642
0.13867259918427882,56553
0.12572902646926873,50606
0.09194702390013701,36048
0.06526548672566372,20490
0.1313032886723508,43453
0.1450536111673073,52537
0.08027064431800707,35223
0.07141602248770204,62602
0.06834137779727952,48124
0.07630227439471754,15695
0.1109460128776622,23035
0.1069970051728832,20759
0.09531828898619063,32388
0.17101596148973905,23375
0.06692816866879137,23512
0.1771177117711771,20987
0.08602959618760973,45220
0.09548885378269265,64273
