wer,ref_length
0.18032786885245902,1048
0.0967741935483871,846
0.07971014492753623,761
0.09328358208955224,1443
0.06666666666666667,710
0.07662835249042145,1427
0.11458333333333333,1029
0.06818181818181818,962
0.041666666666666664,242
0.09580838323353294,919
0.06206896551724138,813
0.125,650
0.03827751196172249,1156
0.08881578947368421,1653
0.125,751
0.1761904761904762,1179
0.10596026490066225,776
0.18181818181818182,631
0.08088235294117647,749
0.08868501529051988,1753
0.08108108108108109,807
0.05343511450381679,732
0.11267605633802817,790
0.11382113821138211,705
0.08333333333333333,623
0.05917159763313609,925
0.06842105263157895,1016
0.08571428571428572,734
0.045112781954887216,723
0.15447154471544716,669
0.043478260869565216,635
0.11067193675889328,1406
0.06201550387596899,754
0.09803921568627451,827
0.1830065359477124,843
0.06666666666666667,595
0.06015037593984962,1457
0.0990990990990991,627
0.08870967741935484,691
0.08196721311475409,657
0.046511627906976744,745
0.06593406593406594,981
0.09282700421940929,1300
0.07633587786259542,738
0.10144927536231885,799
0.08759124087591241,713
0.07086614173228346,714
0.18110236220472442,697
0.14285714285714285,621
0.06832298136645963,864
0.0539568345323741,1588
0.15894039735099338,851
0.17094017094017094,1307
0.06390977443609022,1457
0.16184971098265896,987
0.11170212765957446,1040
0.08450704225352113,771
0.08280254777070063,906
0.06040268456375839,814
0.0872093023255814,960
0.15819209039548024,937
0.28804347826086957,993
0.2,615
0.26229508196721313,719
