wer,ref_length
0.10582132564841498,48750
0.1239644524777828,38032
0.1386327938264017,79837
0.09818600633458105,38978
0.09591590933975692,50478
0.16333212077118953,59366
0.36654523973614256,55166
0.12793711126468554,61378
0.12682215743440234,50686
0.11563006000571482,58834
0.11862816637131242,55583
0.21879983214435586,62217
0.12118834080717489,48949
0.23173841307934603,72217
0.15954484929185328,45486
0.12868817204301075,64770
0.06957687723480334,38165
0.09511927338057691,53268
0.11054436725002198,60664
0.10179350460494425,24028
0.14634905807255177,34466
0.10423905489923559,25134
0.17483022684583152,38712
0.1374365369199252,59040
0.0642480745845156,26106
0.1421805935592507,52642
0.18196143863552094,56553
0.18562135486765366,50606
0.10701781093012636,36048
0.09596238938053098,20490
0.16991473812423874,43453
0.17024074448715354,52537
0.10026141780716592,35223
0.09425509486999298,62602
0.0877577885037297,48124
0.09427732942039618,15695
0.1300148588410104,23035
0.1478355567655867,20759
0.12226338834624453,32388
0.23638206232581707,23375
0.09830840892375582,23512
0.25577557755775576,20987
0.11023325808878856,45220
0.11593821309461119,64273
