wer,ref_length
0.0068775790921595595,3930
0.028291621327529923,5027
0.01098901098901099,3928
0.018461538461538463,3755
0.04046997389033943,4126
0.03212290502793296,3647
0.049247606019151846,4029
0.031862745098039214,4807
0.06596858638743455,5131
0.028255528255528257,4013
0.047872340425531915,4964
0.05295315682281059,2790
0.06979062811565304,5104
0.04772475027746948,4485
0.04659498207885305,4522
0.07773109243697479,4704
0.0680161943319838,5846
0.02685765443151298,5723
0.08425925925925926,5241
0.06007067137809187,4240
0.08174097664543524,4677
0.10064043915827996,5183
0.030555555555555555,1992
0.06414300736067298,4973
0.05159165751920966,4554
0.16817593790426907,3877
0.12024665981500514,4682
0.11506849315068493,3931
0.09571788413098237,4200
0.11917562724014337,5380
0.06275303643724696,2842
0.0940550133096717,5445
0.12696493349455865,4280
0.1285310734463277,3324
0.16862745098039217,3707
0.13771517996870108,3284
0.07446808510638298,3650
0.12284730195177956,4390
0.23680981595092024,4007
0.20853080568720378,2023
0.15384615384615385,2561
0.23433242506811988,3452
0.21921182266009853,2005
0.1346153846153846,4937
0.22253521126760564,5207
0.2319277108433735,4646
